{
  "barrio": "Almagro",
  "respuesta_raw": "Felo\n\nNew Thread\nCtrl\nI\nLiveDoc\nMore\nSearch History\n10 eventos importantes en Almagro, Buenos Aires, Argentina este mes ordenado por popularidad, si puede ser con fecha, descripcion y direccion\nGenerate AI Slide (Upgraded)\nShare\nLogin\n10 eventos importantes en Almagro, Buenos Aires, Argentina este mes ordenado por popularidad, si puede ser con fecha, descripcion y direccion\n10 eventos importantes en Almagro, Buenos Aires, Argentina este mes ordenado por popularidad, si puede ser con fecha, descripcion y direccion\nAnswer\nImage\nVideo\n17 Source & Thinking →\nEventos Importantes en Almagro, Buenos Aires - Noviembre 2025\n\nAquí tienes una lista de 10 eventos destacados que se llevarán a cabo en Almagro, Buenos Aires, durante noviembre de 2025, ordenados por popularidad:\n\n1. La Noche de los Museos\n\nFecha: Sábado, 8 de noviembre\n\nDescripción: Más de 300 museos y centros culturales abren sus puertas con entrada gratuita, ofreciendo exposiciones, visitas guiadas y talleres.\n\nDirección: Varios puntos de la ciudad, incluyendo Almagro.\n\n2. Festival Joy\n\nFecha: Sábado, 8 y domingo, 9 de noviembre\n\nDescripción: Un festival gastronómico con más de 35 propuestas culinarias, ideal para disfrutar de la comida local.\n\nDirección: Hipódromo de Palermo, Av. del Libertador 4001.\n\n3. FILBITA\n\nFecha: Del 7 al 9 de noviembre\n\nDescripción: Festival infantil centrado en la lectura, con talleres y actividades para niños.\n\nDirección: Espacio Cultural del Sur, Caseros 1750.\n\n4. Primera Jornada de Archivos Abiertos\n\nFecha: Jueves, 13 de noviembre\n\nDescripción: Visitas especiales a archivos y museos, con charlas sobre el patrimonio cultural.\n\nDirección: Academia Porteña del Lunfardo, Estados Unidos 1379.\n\n5. Concierto de Santa Cecilia\n\nFecha: Viernes, 21 de noviembre\n\nDescripción: Un concierto en honor a Santa Cecilia, patrona de la música.\n\nDirección: Club Almagro, Las Casas 4191.\n\n6. La Noche de las Librerías\n\nFecha: Sábado, 22 de noviembre\n\nDescripción: Un evento que reúne a más de 45 librerías con lecturas y actividades artísticas.\n\nDirección: Av. Corrientes y San Telmo.\n\n7. Alta Movida\n\nFecha: Sábado, 21 de noviembre\n\nDescripción: Un espectáculo musical y gastronómico que promete ser uno de los más importantes de Sudamérica.\n\nDirección: Club Almagro, Las Casas 4191.\n\n8. Talleres de Patrimonio\n\nFecha: Varias fechas en noviembre\n\nDescripción: Talleres sobre la historia y el patrimonio cultural de Buenos Aires.\n\nDirección: Casa de la Cultura, Av. de Mayo 575.\n\n9. Exposición de Arte Local\n\nFecha: Todo noviembre\n\nDescripción: Muestra de artistas locales en un espacio cultural de Almagro.\n\nDirección: Centro Cultural Jorge Donn, Güemes 3825.\n\n10. Mercado de Artesanías\nFecha: Sábado, 15 de noviembre\nDescripción: Feria de artesanías locales con productos hechos a mano.\nDirección: Plaza Almagro, Av. Corrientes y Medrano.\n\nEstos eventos ofrecen una variedad de actividades culturales, gastronómicas y artísticas que reflejan la rica vida comunitaria de Almagro.\n\nConvert answer to\nNew\nExport\n\n¿Qué impacto tiene La Noche de los Museos en la cultura local de Almagro?\n\n¿Cómo se organiza el Festival Joy y qué platos típicos se pueden degustar?\n\n¿Qué actividades específicas se ofrecen en FILBITA para fomentar la lectura en niños?\n\n¿Qué temas se abordarán en la Primera Jornada de Archivos Abiertos?\n\n¿Cómo se celebra el Concierto de Santa Cecilia en el Club Almagro?\n\nCiudad Conjunto Histórico-Artístico\nAsk follow-up\nPro\n\nFelo - Your Free AI Search Engine",
  "fecha_scraping": "2025-11-12 20:38:44",
  "necesita_procesamiento": false,
  "fecha_procesamiento": "2025-11-12 20:52:34",
  "eventos_insertados": 10,
  "eventos_duplicados": 0
}