{
  "barrio": "Belgrano",
  "respuesta_raw": "Felo\n\nNew Thread\nCtrl\nI\nLiveDoc\nMore\nSearch History\n10 eventos importantes en Belgrano, Buenos Aires, Argentina este mes ordenado por popularidad, si puede ser con fecha, descripcion y direccion\nGenerate AI Slide (Upgraded)\nShare\nLogin\n10 eventos importantes en Belgrano, Buenos Aires, Argentina este mes ordenado por popularidad, si puede ser con fecha, descripcion y direccion\n10 eventos importantes en Belgrano, Buenos Aires, Argentina este mes ordenado por popularidad, si puede ser con fecha, descripcion y direccion\nAnswer\nImage\nVideo\n15 Source & Thinking →\nEventos importantes en Belgrano, Buenos Aires, noviembre 2025\n\nA continuación, se presentan diez eventos destacados que tendrán lugar en Belgrano y sus alrededores durante noviembre de 2025, ordenados por popularidad, con fechas, descripciones y direcciones.\n\n1. Festival de Cine Buenos Aires Rojo Sangre\n\nFecha: 20 al 30 de noviembre\n\nDescripción: Este festival celebra su 26ª edición y presenta más de cien películas de terror, ciencia ficción y fantasía. Es un evento imperdible para los amantes del cine de género.\n\nDirección: Multiplex Belgrano, Vuelta de Obligado 2199, Belgrano.\n\n2. La Noche de las Librerías\n\nFecha: 22 de noviembre\n\nDescripción: Una celebración literaria que transforma la Avenida Corrientes en un gran escenario de libros y actividades culturales, con la participación de librerías y autores.\n\nDirección: Avenida Corrientes, Buenos Aires (aunque no es en Belgrano, es un evento relevante en la ciudad).\n\n3. La Noche de los Museos\n\nFecha: 8 de noviembre\n\nDescripción: Una noche especial donde los museos de la ciudad abren sus puertas con actividades culturales, exposiciones y visitas guiadas.\n\nDirección: Varios museos en Buenos Aires, incluyendo algunos en Belgrano.\n\n4. Tecweek\n\nFecha: 5 al 15 de noviembre\n\nDescripción: Una serie de eventos dedicados a la innovación, tecnología y creatividad, con actividades y conferencias que destacan el talento local.\n\nDirección: Varias ubicaciones en Buenos Aires.\n\n5. Music Wins Festival\n\nFecha: 2 de noviembre\n\nDescripción: Festival musical que presenta a artistas como Massive Attack y Primal Scream, ofreciendo una experiencia única de música en vivo.\n\nDirección: Mandarine Park & Tent, Acceso Punta Carrasco.\n\n6. Filbita 2025\n\nFecha: 7 al 9 de noviembre\n\nDescripción: Un festival literario que promueve la lectura y la escritura a través de talleres y actividades interactivas.\n\nDirección: Las Pompas Club de Artes, Av. Brasil 2640, Buenos Aires.\n\n7. Semana del Auténtico Helado Artesanal\n\nFecha: 8 de noviembre\n\nDescripción: Celebración del helado artesanal con degustaciones y promociones en heladerías de la ciudad.\n\nDirección: Varias heladerías en Buenos Aires.\n\n8. Noche de las Heladerías\n\nFecha: 13 de noviembre\n\nDescripción: Evento donde las heladerías ofrecen descuentos y promociones especiales en sus productos.\n\nDirección: Varias heladerías en Buenos Aires.\n\n9. La Noche de los Alfajores\n\nFecha: 14 y 15 de noviembre\n\nDescripción: Un evento dedicado a los alfajores, con promociones y degustaciones en diferentes locales.\n\nDirección: Varias confiterías en Buenos Aires.\n\n10. Salón Manuel Belgrano\nFecha: A confirmar en noviembre\nDescripción: Edición especial en homenaje a Antonio Berni, con exposiciones de arte y actividades culturales.\nDirección: Espacio Cultural del Sur, Buenos Aires.\n\nEstos eventos ofrecen una variedad de actividades culturales, musicales y gastronómicas que reflejan la vibrante vida social y cultural de Buenos Aires, especialmente en el barrio de Belgrano.\n\nConvert answer to\nNew\nExport\n\n¿Qué tipo de películas se presentan en el Festival de Cine Buenos Aires Rojo Sangre?\n\n¿Cómo se celebra La Noche de las Librerías en Avenida Corrientes?\n\n¿Qué actividades culturales se ofrecen durante La Noche de los Museos?\n\n¿Qué innovaciones se destacan en Tecweek 2025?\n\n¿Cuáles son las heladerías participantes en la Semana del Auténtico Helado Artesanal?\n\nQué hacer en Buenos Aires en noviembre - Time Out\nAsk follow-up\nPro\n\nFelo - Your Free AI Search Engine",
  "fecha_scraping": "2025-11-12 20:35:57",
  "necesita_procesamiento": false,
  "fecha_procesamiento": "2025-11-12 20:52:56",
  "eventos_insertados": 10,
  "eventos_duplicados": 0
}