{
  "barrio": "Caballito",
  "respuesta_raw": "Felo\n\nNew Thread\nCtrl\nI\nLiveDoc\nMore\nSearch History\n10 eventos importantes en Caballito, Buenos Aires, Argentina este mes ordenado por popularidad, si puede ser con fecha, descripcion y direccion\nGenerate AI Slide (Upgraded)\nShare\nLogin\n10 eventos importantes en Caballito, Buenos Aires, Argentina este mes ordenado por popularidad, si puede ser con fecha, descripcion y direccion\n10 eventos importantes en Caballito, Buenos Aires, Argentina este mes ordenado por popularidad, si puede ser con fecha, descripcion y direccion\nAnswer\nImage\nVideo\n13 Source & Thinking →\nEventos importantes en Caballito, Buenos Aires, noviembre 2025\n\nAquí tienes una lista de 10 eventos destacados que se llevarán a cabo en Caballito durante noviembre de 2025, ordenados por popularidad, con fechas, descripciones y direcciones.\n\nLa Noche de los Museos\n\nFecha: 8 de noviembre\nDescripción: Una noche cultural donde los museos y espacios culturales de Buenos Aires abren sus puertas con entrada gratuita, ofreciendo exposiciones y actividades especiales.\nDirección: Varios museos en Buenos Aires, incluyendo algunos en Caballito.\n\nFeria de Emprendimientos LGBTQ+\n\nFecha: 12 de noviembre\nDescripción: Un evento que reúne a emprendedores de la comunidad LGBTQ+ para mostrar sus productos y servicios, con actividades interactivas.\nDirección: Plaza Irlanda, Caballito.\n\nTecweek\n\nFecha: 5 al 15 de noviembre\nDescripción: Una serie de eventos relacionados con la innovación y la tecnología, que incluye charlas y talleres.\nDirección: Varias locaciones en Buenos Aires, incluyendo actividades en Caballito.\n\nFeria Orgánica en Parque Rivadavia\n\nFecha: Todos los viernes de noviembre, de 16:00 a 21:00\nDescripción: Feria donde productores locales ofrecen frutas, verduras y productos orgánicos.\nDirección: Parque Rivadavia, Caballito.\n\nLa Noche de las Heladerías\n\nFecha: 13 de noviembre\nDescripción: Evento donde heladerías ofrecen descuentos y promociones especiales en sus productos.\nDirección: Varias heladerías en Caballito.\n\nConcierto de La Vela Puerca\n\nFecha: 22 de noviembre\nDescripción: Presentación de la famosa banda de rock uruguaya en el Estadio Ferro.\nDirección: Av. Avellaneda 1240, Caballito.\n\nFeria de Libros y Cultura\n\nFecha: 15 de noviembre\nDescripción: Un evento que celebra la literatura con stands de libros, charlas y actividades para todas las edades.\nDirección: Centro Cultural de Caballito.\n\nPicante Fest\n\nFecha: 16 de noviembre\nDescripción: Festival de música y café, con DJs y promociones especiales.\nDirección: Juan M. Gutiérrez 2562, Caballito.\n\nCiclo de Talleres de Tango\n\nFecha: Todos los viernes de noviembre, de 12:00 a 13:30\nDescripción: Clases de tango abiertas y gratuitas para todos los niveles.\nDirección: Legislatura de la Ciudad Autónoma de Buenos Aires, Salón Presidente Perón.\n\nLa Noche de los Templos\n\nFecha: 29 de noviembre\nDescripción: Evento que invita a explorar la diversidad religiosa y cultural de Buenos Aires, con templos abiertos al público.\nDirección: Varios templos en Buenos Aires, incluyendo algunos en Caballito.\n\nEstos eventos ofrecen una variedad de actividades culturales, musicales y gastronómicas que reflejan la vibrante vida de Caballito y Buenos Aires en general.\n\nConvert answer to\nNew\nExport\n\n¿Qué impacto tiene La Noche de los Museos en la cultura local de Caballito?\n\n¿Cómo se organizan los eventos de Tecweek en diferentes locaciones de Buenos Aires?\n\n¿Qué tipo de productos se pueden encontrar en la Feria Orgánica en Parque Rivadavia?\n\n¿Qué actividades interactivas se ofrecerán en la Feria de Emprendimientos LGBTQ+?\n\n¿Cómo se celebra La Noche de las Heladerías en comparación con otros eventos gastronómicos?\n\nEventos en noviembre 2025 - FESTIVA\nAsk follow-up\nPro\n\nFelo - Your Free AI Search Engine",
  "fecha_scraping": "2025-11-12 20:36:53",
  "necesita_procesamiento": false,
  "fecha_procesamiento": "2025-11-12 20:54:15",
  "eventos_insertados": 10,
  "eventos_duplicados": 0
}