{
  "barrio": "Núñez",
  "respuesta_raw": "Felo\n\nNew Thread\nCtrl\nI\nLiveDoc\nMore\nSearch History\n10 eventos importantes en Núñez, Buenos Aires, Argentina este mes ordenado por popularidad, si puede ser con fecha, descripcion y direccion\nGenerate AI Slide (Upgraded)\nShare\nLogin\n10 eventos importantes en Núñez, Buenos Aires, Argentina este mes ordenado por popularidad, si puede ser con fecha, descripcion y direccion\n10 eventos importantes en Núñez, Buenos Aires, Argentina este mes ordenado por popularidad, si puede ser con fecha, descripcion y direccion\nAnswer\nImage\nVideo\n19 Source & Thinking →\nEventos importantes en Núñez, Buenos Aires, noviembre 2025\n\nA continuación, se presentan diez eventos destacados que tendrán lugar en Núñez y sus alrededores durante noviembre de 2025, ordenados por popularidad. Incluyen fechas, descripciones y direcciones.\n\nDua Lipa en el Estadio River Plate\n\nFecha: 13 de noviembre\nDescripción: Concierto de la famosa cantante británica, conocida por sus éxitos en la música pop.\nDirección: Figueroa Alcorta 7597, Núñez.\n\nBilly Idol en el Movistar Arena\n\nFecha: 15 de noviembre\nDescripción: Presentación del icónico cantante de rock, conocido por sus grandes éxitos de los años 80.\nDirección: Av. Corrientes 6271, Chacarita, Buenos Aires (cerca de Núñez).\n\nAndrea Bocelli en el Teatro Colón\n\nFecha: 16 de noviembre\nDescripción: Concierto del famoso tenor italiano, ofreciendo una noche de música clásica y pop.\nDirección: Tucumán 1171, Buenos Aires.\n\nLa Noche de las Heladerías\n\nFecha: 13 de noviembre\nDescripción: Evento donde heladerías de todo el país ofrecen promociones y degustaciones especiales.\nDirección: Varias heladerías en Buenos Aires, incluyendo algunas en Núñez.\n\nLa Noche de los Museos\n\nFecha: 8 de noviembre\nDescripción: Una noche donde muchos museos abren sus puertas con actividades especiales y exposiciones.\nDirección: Varios museos en Buenos Aires, incluyendo algunos accesibles desde Núñez.\n\nTecweek\n\nFecha: 5 al 15 de noviembre\nDescripción: Semana dedicada a la innovación y la tecnología, con charlas y talleres.\nDirección: Varias sedes en Buenos Aires.\n\nRefused en Groove\n\nFecha: 10 de noviembre\nDescripción: Concierto de la banda de punk rock sueca.\nDirección: Av. Santa Fe 4389, Palermo, Buenos Aires.\n\nMarilina Bertoldi en el Estadio Malvinas Argentinas\n\nFecha: 17 de noviembre\nDescripción: Concierto de la popular cantante argentina de rock.\nDirección: Gutenberg 350, Buenos Aires.\n\nRata Blanca en el Movistar Arena\n\nFecha: 19 de noviembre\nDescripción: Concierto de la emblemática banda de rock argentino.\nDirección: Av. Corrientes 6271, Chacarita, Buenos Aires.\n\nDevconnect ARG\n\nFecha: 17 al 22 de noviembre\nDescripción: Feria mundial de Ethereum, centrada en la tecnología blockchain.\nDirección: Varias sedes en Buenos Aires.\n\nEstos eventos ofrecen una variedad de opciones culturales y de entretenimiento, ideales para disfrutar en Núñez y sus alrededores durante este mes.\n\nConvert answer to\nNew\nExport\n\n¿Qué otros eventos culturales se celebran en Buenos Aires en noviembre de 2025?\n\n¿Cómo afecta la llegada de artistas internacionales a la economía local de Núñez?\n\n¿Qué medidas de seguridad se implementan en eventos masivos como los conciertos?\n\n¿Cuáles son las heladerías más populares que participan en La Noche de las Heladerías?\n\n¿Qué impacto tiene Tecweek en la comunidad tecnológica de Buenos Aires?\n\n10 eventos culturales en Buenos Aires que no te podés ...\nAsk follow-up\nPro\n\nFelo - Your Free AI Search Engine",
  "fecha_scraping": "2025-11-12 20:40:35",
  "necesita_procesamiento": false,
  "fecha_procesamiento": "2025-11-12 20:54:31",
  "eventos_insertados": 10,
  "eventos_duplicados": 0
}