{
  "barrio": "Palermo",
  "respuesta_raw": "Felo\n\nNew Thread\nCtrl\nI\nLiveDoc\nMore\nSearch History\n10 eventos importantes en Palermo, Buenos Aires, Argentina este mes ordenado por popularidad, si puede ser con fecha, descripcion y direccion\nGenerate AI Slide (Upgraded)\nShare\nLogin\n10 eventos importantes en Palermo, Buenos Aires, Argentina este mes ordenado por popularidad, si puede ser con fecha, descripcion y direccion\n10 eventos importantes en Palermo, Buenos Aires, Argentina este mes ordenado por popularidad, si puede ser con fecha, descripcion y direccion\nAnswer\nImage\nVideo\n14 Source & Thinking →\nEventos importantes en Palermo, Buenos Aires, noviembre 2025\n\nA continuación, se presentan diez eventos destacados que tendrán lugar en Palermo, Buenos Aires, durante noviembre de 2025, organizados por popularidad, con fechas, descripciones y direcciones.\n\n1. Skull Fest Art\n\nFecha: 8 y 9 de noviembre\nDescripción: Convención internacional de tatuajes con más de 380 artistas de todo el mundo. Incluye exposiciones de escultura y pintura, y competiciones en diversas categorías.\nDirección: Palais Rouge, Jerónimo Salguero 1441, C1177AFA, Buenos Aires.\n\n2. La Noche de los Museos\n\nFecha: 8 de noviembre\nDescripción: Evento cultural donde más de 300 espacios culturales abrirán sus puertas con entrada libre y gratuita, ofreciendo exposiciones y actividades especiales.\nDirección: Varias ubicaciones en Buenos Aires, incluyendo museos y centros culturales.\n\n3. Music Wins Festival\n\nFecha: 2 de noviembre\nDescripción: Festival de música con actuaciones de Massive Attack y Primal Scream, entre otros. Una experiencia musical ecléctica.\nDirección: Mandarine Park & Tent, Acceso Punta Carrasco.\n\n4. Filbita 2025\n\nFecha: 7 al 9 de noviembre\nDescripción: Festival Internacional de Literatura Juvenil que promueve la lectura y la creatividad a través de talleres y actividades.\nDirección: Las Pompas Club de Artes, Av. Brasil 2640; y Espacio Cultural del Sur.\n\n5. Fiesta en Barco - Edición Retro +30\n\nFecha: 15 de noviembre\nDescripción: Fiesta temática para mayores de 30 años con cena, baile y navegación en un catamarán.\nDirección: Salida desde Olivos hacia Puerto Madero.\n\n6. Remate Feria Genética de Élite\n\nFecha: 12 de noviembre\nDescripción: Evento clásico de remate de ganado, consolidándose como uno de los más importantes en el sector.\nDirección: Predio Ferial de Palermo, Buenos Aires.\n\n7. La Noche de las Disquerías\n\nFecha: 6 de noviembre\nDescripción: Celebración de la música en disquerías de la ciudad, con actividades especiales y promociones.\nDirección: Varias disquerías en Buenos Aires.\n\n8. Tecweek\n\nFecha: 5 al 15 de noviembre\nDescripción: Serie de eventos centrados en innovación, tecnología y creatividad, promoviendo el talento local.\nDirección: Varias ubicaciones en Buenos Aires.\n\n9. Día de Muertos\n\nFecha: 1 de noviembre\nDescripción: Celebración cultural que une México y Argentina, con actividades artísticas y gastronómicas.\nDirección: La Huichula, Álvarez Thomas 2128, Buenos Aires.\n\n10. Homenaje a Spinetta\n\nFecha: 1 de noviembre\nDescripción: Concierto homenaje a la música de Luis Alberto Spinetta, con la participación de artistas destacados.\nDirección: Centro Cultural Recoleta, Junín 1930, Buenos Aires.\n\nEstos eventos reflejan la rica oferta cultural y social de Palermo en noviembre, brindando oportunidades para disfrutar de música, arte, literatura y celebraciones comunitarias.\n\nConvert answer to\nNew\nExport\n\n¿Qué otros eventos culturales se celebran en Buenos Aires durante noviembre de 2025?\n\n¿Cómo afecta la celebración de La Noche de los Museos al turismo en Palermo?\n\n¿Qué artistas destacados participarán en el homenaje a Spinetta?\n\n¿Cuál es la historia detrás del Skull Fest Art en Buenos Aires?\n\n¿Qué impacto tiene el Tecweek en la innovación local en Palermo?\n\nCalendario 2025 de salidas, eventos y fiesta destacadas cada ...\nAsk follow-up\nPro\n\nFelo - Your Free AI Search Engine",
  "fecha_scraping": "2025-11-12 20:32:12",
  "necesita_procesamiento": false,
  "fecha_procesamiento": "2025-11-12 20:54:50",
  "eventos_insertados": 10,
  "eventos_duplicados": 0
}