{
  "eventos": [
    {
      "nombre": "adidas 10K Night Run",
      "fecha": "2025-11-29",
      "hora_inicio": null,
      "hora_fin": null,
      "lugar": "Av. de los Italianos y Marta Lynch",
      "descripcion": "Una carrera nocturna de 10 kilómetros que combina deporte y fiesta. Los participantes disfrutarán de un recorrido iluminado y un after run con música y sorpresas.",
      "categoria": "música",
      "precio": "Por confirmar",
      "estado": "confirmado"
    },
    {
      "nombre": "Casa FOA 40 años",
      "fecha": "2025-11-02",
      "hora_inicio": null,
      "hora_fin": null,
      "lugar": "Madero Harbour",
      "descripcion": "Celebración de los 40 años de Casa FOA, un evento de diseño y arquitectura que presenta diversas propuestas creativas.",
      "categoria": "otro",
      "precio": "Por confirmar",
      "estado": "confirmado"
    },
    {
      "nombre": "La Noche de las Heladerías",
      "fecha": "2025-11-13",
      "hora_inicio": null,
      "hora_fin": null,
      "lugar": "Varias heladerías en Puerto Madero.",
      "descripcion": "Un evento gastronómico donde se celebran horas de degustación y descuentos en heladerías de la zona.",
      "categoria": "otro",
      "precio": "Por confirmar",
      "estado": "confirmado"
    },
    {
      "nombre": "Burger Fest",
      "fecha": "2025-11-20",
      "hora_inicio": null,
      "hora_fin": null,
      "lugar": "Puerto Madero.",
      "descripcion": "Festival dedicado a las hamburguesas y el street food, con una variedad de opciones para los amantes de la comida.",
      "categoria": "música",
      "precio": "Por confirmar",
      "estado": "confirmado"
    },
    {
      "nombre": "La Noche de la Pizza y la Empanada",
      "fecha": "2025-11-25",
      "hora_inicio": null,
      "hora_fin": null,
      "lugar": "Puerto Madero.",
      "descripcion": "Evento gastronómico que ofrece promociones especiales en pizzerías y locales de empanadas.",
      "categoria": "otro",
      "precio": "Por confirmar",
      "estado": "confirmado"
    },
    {
      "nombre": "FIBA: Festival Internacional de Buenos Aires",
      "fecha": "2025-11-01",
      "hora_inicio": null,
      "hora_fin": null,
      "lugar": "Varias locaciones en Puerto Madero.",
      "descripcion": "Un festival que reúne lo mejor de las artes escénicas, con presentaciones de teatro, danza y más.",
      "categoria": "música",
      "precio": "Por confirmar",
      "estado": "confirmado"
    },
    {
      "nombre": "Concierto de la Orquesta Filarmónica de Buenos Aires",
      "fecha": "2025-11-05",
      "hora_inicio": null,
      "hora_fin": null,
      "lugar": "Puerto Madero.",
      "descripcion": "Concierto especial en celebración del Día Internacional de la Música.",
      "categoria": "música",
      "precio": "Por confirmar",
      "estado": "confirmado"
    },
    {
      "nombre": "Tattoo Show",
      "fecha": "2025-11-10",
      "hora_inicio": null,
      "hora_fin": null,
      "lugar": "Puerto Madero.",
      "descripcion": "La 21° edición de este evento que reúne a artistas del tatuaje y aficionados.",
      "categoria": "otro",
      "precio": "Por confirmar",
      "estado": "confirmado"
    },
    {
      "nombre": "Semana del Orgullo",
      "fecha": "2025-11-01",
      "hora_inicio": null,
      "hora_fin": null,
      "lugar": "Puerto Madero.",
      "descripcion": "Una serie de actividades y eventos para celebrar la diversidad y promover la inclusión.",
      "categoria": "otro",
      "precio": "Por confirmar",
      "estado": "confirmado"
    },
    {
      "nombre": "Noche de los Museos",
      "fecha": "2025-11-07",
      "hora_inicio": null,
      "hora_fin": null,
      "lugar": "Varias instituciones en Puerto Madero.",
      "descripcion": "Evento cultural donde los museos abren sus puertas de forma gratuita, ofreciendo actividades especiales.",
      "categoria": "cultural",
      "precio": "Por confirmar",
      "estado": "confirmado"
    }
  ]
}