{
  "eventos": [
    {
      "nombre": "Semana del Patrimonio",
      "fecha": "2025-11-13",
      "hora_inicio": null,
      "hora_fin": null,
      "lugar": "Varios lugares",
      "descripcion": "Actividades culturales para explorar el patrimonio porteño, incluyendo visitas a archivos y museos.",
      "categoria": "cultural",
      "precio": "Por confirmar",
      "estado": "confirmado"
    },
    {
      "nombre": "Conciertos en el ciclo Antidomingos",
      "fecha": "2025-11-12",
      "hora_inicio": null,
      "hora_fin": null,
      "lugar": "Centro Cultural Recoleta",
      "descripcion": "Conciertos en un ambiente relajado, ideales para disfrutar de la música en vivo.",
      "categoria": "música",
      "precio": "Por confirmar",
      "estado": "confirmado"
    },
    {
      "nombre": "Día de Muertos",
      "fecha": "2025-11-02",
      "hora_inicio": null,
      "hora_fin": null,
      "lugar": "Centro Cultural Recoleta",
      "descripcion": "Celebración cultural con actividades y exposiciones en honor a esta tradición mexicana.",
      "categoria": "cultural",
      "precio": "Por confirmar",
      "estado": "confirmado"
    }
  ]
}