{
  "eventos": [
    {
      "nombre": "Semana del Orgullo",
      "fecha": "2025-11-01",
      "hora_inicio": null,
      "hora_fin": null,
      "lugar": "Varias ubicaciones en Buenos Aires.",
      "descripcion": "Celebración de la diversidad y los derechos del colectivo LGBTIQ+, con actividades culturales y una feria de emprendimientos.",
      "categoria": "cultural",
      "precio": "Por confirmar",
      "estado": "confirmado"
    },
    {
      "nombre": "La Noche de los Museos",
      "fecha": "2025-11-08",
      "hora_inicio": null,
      "hora_fin": null,
      "lugar": "Diversos museos en Buenos Aires",
      "descripcion": "Más de 300 museos y espacios culturales abren sus puertas para una noche de arte y cultura.",
      "categoria": "cultural",
      "precio": "Por confirmar",
      "estado": "confirmado"
    },
    {
      "nombre": "Tecweek",
      "fecha": "2025-11-05",
      "hora_inicio": null,
      "hora_fin": null,
      "lugar": "Diferentes sedes en Buenos Aires.",
      "descripcion": "Evento que reúne actividades sobre innovación y tecnología en varios espacios culturales.",
      "categoria": "cultural",
      "precio": "Por confirmar",
      "estado": "confirmado"
    },
    {
      "nombre": "Semana del Auténtico Helado Artesanal",
      "fecha": "2025-11-10",
      "hora_inicio": null,
      "hora_fin": null,
      "lugar": "Varias heladerías en Buenos Aires.",
      "descripcion": "Celebración del helado artesanal con promociones y degustaciones en heladerías participantes.",
      "categoria": "cultural",
      "precio": "Por confirmar",
      "estado": "confirmado"
    },
    {
      "nombre": "FUTCON 2025",
      "fecha": "2025-11-22",
      "hora_inicio": null,
      "hora_fin": null,
      "lugar": "Ciudad Cultural Konex",
      "descripcion": "Festival que fusiona fútbol, arte y tecnología, con conferencias y actividades interactivas.",
      "categoria": "música",
      "precio": "Por confirmar",
      "estado": "confirmado"
    },
    {
      "nombre": "Buenos Aires Rojo Sangre",
      "fecha": "2025-11-20",
      "hora_inicio": null,
      "hora_fin": null,
      "lugar": "Vuelta de Obligado 2199",
      "descripcion": "Festival internacional de cine de terror y fantástico, con proyecciones y actividades relacionadas.",
      "categoria": "música",
      "precio": "Por confirmar",
      "estado": "confirmado"
    },
    {
      "nombre": "Noche de las Librerías",
      "fecha": "2025-11-22",
      "hora_inicio": null,
      "hora_fin": null,
      "lugar": "Avenida Corrientes",
      "descripcion": "Avenida Corrientes se transforma en un espacio literario con actividades culturales y lecturas.",
      "categoria": "cultural",
      "precio": "Por confirmar",
      "estado": "confirmado"
    },
    {
      "nombre": "Festival “Te conozco Chacarita”",
      "fecha": "2025-11-29",
      "hora_inicio": null,
      "hora_fin": null,
      "lugar": "Chacarita",
      "descripcion": "Festival que celebra la cultura y la historia del barrio de Chacarita.",
      "categoria": "música",
      "precio": "Por confirmar",
      "estado": "confirmado"
    },
    {
      "nombre": "Concierto de Andrea Bocelli",
      "fecha": "2025-11-18",
      "hora_inicio": null,
      "hora_fin": null,
      "lugar": "Avenida Bernabé Márquez 699",
      "descripcion": "Presentación del famoso tenor italiano en el Hipódromo de San Isidro.",
      "categoria": "música",
      "precio": "Por confirmar",
      "estado": "confirmado"
    },
    {
      "nombre": "Maratón Internacional de Buenos Aires",
      "fecha": "2025-11-05",
      "hora_inicio": null,
      "hora_fin": null,
      "lugar": "Inicio en el Obelisco",
      "descripcion": "Evento deportivo que reúne a corredores de todo el mundo en un recorrido por la ciudad.",
      "categoria": "otro",
      "precio": "Por confirmar",
      "estado": "confirmado"
    }
  ]
}