{
  "eventos": [
    {
      "nombre": "Noche de los Museos",
      "fecha": "2025-11-08",
      "hora_inicio": null,
      "hora_fin": null,
      "lugar": "Varios museos en San Telmo.",
      "descripcion": "Este evento cultural permite a los visitantes explorar museos y espacios culturales de forma gratuita durante toda la noche, con actividades especiales y exposiciones.",
      "categoria": "cultural",
      "precio": "Por confirmar",
      "estado": "confirmado"
    },
    {
      "nombre": "Sticky - Fiesta de Reggaetón",
      "fecha": "2025-11-08",
      "hora_inicio": null,
      "hora_fin": null,
      "lugar": "Club Museum",
      "descripcion": "Fiesta exclusiva de reggaetón en el Club Museum, un boliche icónico de San Telmo, con música en vivo y un ambiente festivo.",
      "categoria": "música",
      "precio": "Por confirmar",
      "estado": "confirmado"
    },
    {
      "nombre": "Feria de San Telmo",
      "fecha": "2025-11-12",
      "hora_inicio": null,
      "hora_fin": null,
      "lugar": "Plaza Dorrego",
      "descripcion": "Mercado de antigüedades y artesanías, donde se pueden encontrar productos locales y disfrutar de la cultura del barrio.",
      "categoria": "cultural",
      "precio": "Por confirmar",
      "estado": "confirmado"
    },
    {
      "nombre": "Visita Guiada a San Telmo",
      "fecha": "2025-11-11",
      "hora_inicio": null,
      "hora_fin": null,
      "lugar": "Punto de encuentro en la Plaza Dorrego.",
      "descripcion": "Recorrido gratuito por los puntos más emblemáticos de San Telmo, explorando su historia y cultura.",
      "categoria": "cultural",
      "precio": "Por confirmar",
      "estado": "confirmado"
    },
    {
      "nombre": "Recital en La Carbonera",
      "fecha": "2025-11-19",
      "hora_inicio": null,
      "hora_fin": null,
      "lugar": "La Carbonera",
      "descripcion": "Concierto de Rodrigo Flores & The Ratpackers Big Band, ofreciendo una noche de jazz y música en vivo.",
      "categoria": "música",
      "precio": "Por confirmar",
      "estado": "confirmado"
    },
    {
      "nombre": "Noche de las Heladerías",
      "fecha": "2025-11-13",
      "hora_inicio": null,
      "hora_fin": null,
      "lugar": "Varias heladerías en San Telmo.",
      "descripcion": "Evento donde las heladerías ofrecen descuentos y promociones especiales en sus productos.",
      "categoria": "otro",
      "precio": "Por confirmar",
      "estado": "confirmado"
    },
    {
      "nombre": "Noche de los Alfajores",
      "fecha": "2025-11-14",
      "hora_inicio": null,
      "hora_fin": null,
      "lugar": "Diferentes locales en San Telmo.",
      "descripcion": "Celebración dedicada al alfajor argentino, con degustaciones y actividades relacionadas.",
      "categoria": "otro",
      "precio": "Por confirmar",
      "estado": "confirmado"
    },
    {
      "nombre": "Concierto de Verde Aluminio",
      "fecha": "2025-11-15",
      "hora_inicio": null,
      "hora_fin": null,
      "lugar": "Perón Perón",
      "descripcion": "Presentación musical en el bar Perón Perón, con un enfoque en la música local.",
      "categoria": "música",
      "precio": "Por confirmar",
      "estado": "confirmado"
    },
    {
      "nombre": "Festival de Cine de Mar del Plata",
      "fecha": "2025-11-12",
      "hora_inicio": null,
      "hora_fin": null,
      "lugar": "Varias locaciones en San Telmo.",
      "descripcion": "Aunque el festival principal se lleva a cabo en Mar del Plata, habrá proyecciones y eventos relacionados en San Telmo.",
      "categoria": "música",
      "precio": "Por confirmar",
      "estado": "confirmado"
    },
    {
      "nombre": "Ciclo de Jazz en San Telmo",
      "fecha": "2025-11-28",
      "hora_inicio": null,
      "hora_fin": null,
      "lugar": "Bares seleccionados en San Telmo.",
      "descripcion": "Presentaciones de diferentes artistas de jazz en varios bares del barrio, celebrando la música en vivo.",
      "categoria": "música",
      "precio": "Por confirmar",
      "estado": "confirmado"
    }
  ]
}