{
  "eventos": [
    {
      "nombre": "Noche de Trivia - WACHAS",
      "fecha": "2025-11-12",
      "hora_inicio": null,
      "hora_fin": null,
      "lugar": "Av. Juan Bautista Justo 2959",
      "descripcion": "Una divertida noche de trivia donde los participantes pueden poner a prueba sus conocimientos en diversas categorías.",
      "categoria": "otro",
      "precio": "Por confirmar",
      "estado": "confirmado"
    },
    {
      "nombre": "La Noche de las Heladerías",
      "fecha": "2025-11-13",
      "hora_inicio": null,
      "hora_fin": null,
      "lugar": "Varias heladerías en Villa Crespo.",
      "descripcion": "Un evento donde las heladerías ofrecen descuentos y promociones especiales en sus productos.",
      "categoria": "otro",
      "precio": "Por confirmar",
      "estado": "confirmado"
    },
    {
      "nombre": "La Noche de los Alfajores",
      "fecha": "2025-11-14",
      "hora_inicio": null,
      "hora_fin": null,
      "lugar": "Varias confiterías en Villa Crespo.",
      "descripcion": "Un evento dedicado a los alfajores, con promociones y degustaciones en diferentes locales.",
      "categoria": "otro",
      "precio": "Por confirmar",
      "estado": "confirmado"
    },
    {
      "nombre": "Concierto de La Beriso",
      "fecha": "2025-11-15",
      "hora_inicio": null,
      "hora_fin": null,
      "lugar": "Club V",
      "descripcion": "Un esperado reencuentro de la banda con su público tras varios años sin presentarse en la ciudad.",
      "categoria": "música",
      "precio": "Por confirmar",
      "estado": "confirmado"
    },
    {
      "nombre": "Fuerza Bruta",
      "fecha": "2025-11-26",
      "hora_inicio": null,
      "hora_fin": null,
      "lugar": "Espacio de eventos en Villa Crespo (consultar localización exacta).",
      "descripcion": "Un espectáculo innovador que combina teatro, danza y acrobacias en un ambiente interactivo.",
      "categoria": "otro",
      "precio": "Por confirmar",
      "estado": "confirmado"
    },
    {
      "nombre": "Devconnect ARG",
      "fecha": "2025-11-17",
      "hora_inicio": null,
      "hora_fin": null,
      "lugar": "Centro Costa Salguero",
      "descripcion": "Feria mundial de Ethereum, donde se discutirán las últimas innovaciones en tecnología blockchain.",
      "categoria": "tech",
      "precio": "Por confirmar",
      "estado": "confirmado"
    },
    {
      "nombre": "CATA DE LECTURAS PSICONAUTAS",
      "fecha": "2025-11-08",
      "hora_inicio": null,
      "hora_fin": null,
      "lugar": "Sede social nodo Buenos Aires del Colectivo Cannábico Traslasierra.",
      "descripcion": "Un evento literario donde se explorarán lecturas relacionadas con la psicología y la conciencia.",
      "categoria": "cultural",
      "precio": "Por confirmar",
      "estado": "confirmado"
    },
    {
      "nombre": "Clases de Tango",
      "fecha": "2025-11-12",
      "hora_inicio": null,
      "hora_fin": null,
      "lugar": "Salón Presidente Perón",
      "descripcion": "Clases abiertas y gratuitas de tango para todos los niveles.",
      "categoria": "otro",
      "precio": "Por confirmar",
      "estado": "confirmado"
    },
    {
      "nombre": "Festival 'Valorando Nuestras Raíces'",
      "fecha": "2025-11-19",
      "hora_inicio": null,
      "hora_fin": null,
      "lugar": "Espacio cultural en Villa Crespo (consultar localización exacta).",
      "descripcion": "Un festival cultural que celebra las tradiciones y raíces de la comunidad.",
      "categoria": "música",
      "precio": "Por confirmar",
      "estado": "confirmado"
    },
    {
      "nombre": "Actividades Culturales en la Legislatura",
      "fecha": "2025-11-12",
      "hora_inicio": null,
      "hora_fin": null,
      "lugar": "Legislatura de la Ciudad Autónoma de Buenos Aires.",
      "descripcion": "Una serie de actividades culturales abiertas a la comunidad, incluyendo ensayos de coro y exposiciones de arte.",
      "categoria": "cultural",
      "precio": "Por confirmar",
      "estado": "confirmado"
    }
  ]
}